#,Quote(s),link,,,
1,Welcome to the unofficial subreddit of the University of Washington!,https://www.reddit.com/r/udub/,,,
2,food pantry,https://www.washington.edu/news/2020/04/28/food-pantry-emergency-grants-help-students-in-need-during-all-remote-spring-quarter/?utm_source=uwhp&utm_medium=tiles&utm_campaign=uw-food-pantry,,,
3, UW students,https://www.washington.edu/studentlife/,,,
4,INFORMATICS ADMISSIONS,https://ischool.uw.edu/programs/informatics/admissions,,,
5,apply to the program,https://ischool.uw.edu/programs/informatics/application-materials,,,
6,UW iSchool,https://ischool.uw.edu/about,,,
7,Leaflet is the leading open-source JavaScript library for mobile-friendly interactive maps.,https://leafletjs.com,,,
8,COVID-19 in the Seattle area,https://www.seattletimes.com/seattle-news/health/coronavirus-daily-news-updates-may-11-what-to-know-today-about-covid-19-in-the-seattle-area-washington-state-and-the-nation/,,,
9,JavaScript is one of the core technologies,https://en.wikipedia.org/wiki/JavaScript,,,
10,Bootstrap is an open source ,https://getbootstrap.com,,,